user_id,table,algorithm,step,median_abs_delta,p25_abs_delta,p75_abs_delta,p95_abs_delta,frac_changed,n
U000,oref_v5,aaps_average,filter,0.0,0.0,0.0,0.0,0.0,25826
U000,oref_v5,aaps_exponential,filter,2.0,1.0,4.0,10.0,0.8573530550607914,25826
U000,oref_v5,ukf,predict,3.4779424973085042,1.470804998415133,6.977593755939552,16.9127334754231,1.0,25815
U000,oref_v5,ukf,update,2.2746914164266627,0.9705736032396572,4.5670913508997515,10.796930007803082,1.0,25815
U000,oref_v5,ukf,rts,0.0,0.0,0.0,0.0,0.0024404416037187683,25815
U000,oref_v5,ukf,update@outlier,44.443759242224985,23.516083853947034,87.9334394096118,114.64604557278827,1.0,42
U002,oref_v5,aaps_average,filter,0.0,0.0,0.0,0.0,0.00027393870842317347,113164
U002,oref_v5,aaps_exponential,filter,2.0,1.0,3.0,8.0,0.8068908840267223,113164
U002,oref_v5,ukf,predict,2.5384602813255697,1.0975069067967524,5.14614014430299,12.759764285877282,0.9999911458194987,112941
U002,oref_v5,ukf,update,1.6777088449016162,0.7264347623262353,3.404402981647557,8.503725968920492,0.9998317705704749,112941
U002,oref_v5,ukf,rts,0.0,0.0,0.0,0.0,0.0014078146997104682,112941
U002,oref_v5,ukf,update@outlier,24.277141530035834,17.628373658407185,44.78481650808199,87.65383170562994,1.0,139
U005,oref_v5,aaps_average,filter,0.0,0.0,0.0,0.0,0.00030163890471562155,149185
U005,oref_v5,aaps_exponential,filter,2.0,1.0,3.0,7.0,0.7935516305258572,149185
U005,oref_v5,ukf,predict,2.4767134297399025,1.0194394695386109,5.158499065193837,11.951643595430506,0.9999932912470901,149059
U005,oref_v5,ukf,update,1.6427217589852745,0.6761362403841602,3.425147852367573,8.040447191117776,0.9997651936481528,149059
U005,oref_v5,ukf,rts,0.0,0.0,0.0,0.0,0.00016771882274803937,149059
U005,oref_v5,ukf,update@outlier,50.591042751329695,26.47378262584772,68.38762687207134,88.66851931730086,1.0,45
U029,oref_v6,aaps_average,filter,0.0,0.0,0.0,0.0,0.00125178205083626,57518
U029,oref_v6,aaps_exponential,filter,1.0,0.0,3.0,6.0,0.748009318821934,57518
U029,oref_v6,ukf,predict,1.85572105290521,0.7383969866166353,3.931861516990125,9.60978627710589,1.0,57398
U029,oref_v6,ukf,update,1.238848203758721,0.4907632606874266,2.6192847355203455,6.366076321133155,0.9988152897313495,57398
U029,oref_v6,ukf,rts,0.0,0.0,0.0,0.0,6.968883933238092e-05,57398
U029,oref_v6,ukf,update@outlier,40.43461785101467,22.698317436076238,66.62967044565438,110.97611869766838,1.0,38
U031,oref_v6,aaps_average,filter,0.0,0.0,0.0,0.0,9.116767558894319e-05,54844
U031,oref_v6,aaps_exponential,filter,1.4739683948205595,0.6367271605882081,2.8101795215791476,6.055121127937251,0.9846291298957042,54844
U031,oref_v6,ukf,predict,2.2169832073992666,0.9718548287468352,4.360407218738082,9.68163149593616,1.0,54811
U031,oref_v6,ukf,update,1.4704424530597464,0.6449473862762964,2.8923723335202496,6.443836130465343,0.9999635109740745,54811
U031,oref_v6,ukf,rts,0.0,0.0,0.0,0.0,0.00118589334257722,54811
U031,oref_v6,ukf,update@outlier,21.83520832056626,15.65880156994999,46.561616690552725,71.38903455083246,1.0,26
U033,oref_v6,aaps_average,filter,0.0,0.0,0.0,0.0,0.0,52786
U033,oref_v6,aaps_exponential,filter,1.0,0.576000000000036,3.0,7.0,0.7861175311635661,52786
U033,oref_v6,ukf,predict,1.9148707961700069,0.7849168839979939,4.231251131137903,12.309896617110564,0.9999809983468562,52627
U033,oref_v6,ukf,update,1.2676038585167362,0.5202493278301503,2.7946325341523632,8.146179526443516,1.0,52627
U033,oref_v6,ukf,rts,0.0,0.0,0.0,0.0,0.0,52627
U033,oref_v6,ukf,update@outlier,17.01510682664847,15.309906847137448,21.834490570758458,72.00206703849649,1.0,14
U047,oref_v6,aaps_average,filter,0.0,0.0,0.0,0.0,0.0,97880
U047,oref_v6,aaps_exponential,filter,2.0,1.0,3.0,7.0,0.7956885982836126,97880
U047,oref_v6,ukf,predict,2.3883996006934467,0.9668154124283319,4.884834834934736,11.52582505022192,0.9999897596592014,97653
U047,oref_v6,ukf,update,1.5911074495777768,0.6440543807896546,3.2521037684891496,7.690160162007536,0.9999897596592014,97653
U047,oref_v6,ukf,rts,0.0,0.0,0.0,0.0,0.0003481715871504204,97653
U047,oref_v6,ukf,update@outlier,70.21777034765799,23.148675040123145,86.75322674101773,113.51816575505877,1.0,20
U053,oref_v6,aaps_average,filter,0.0,0.0,0.0,0.0,0.0,48747
U053,oref_v6,aaps_exponential,filter,2.0,1.0,4.0,8.0,0.8270457669189899,48747
U053,oref_v6,ukf,predict,2.7135023363691744,1.1285020844043174,5.392975009983729,11.84713768857273,1.0,48646
U053,oref_v6,ukf,update,1.799579071535078,0.7494679168615122,3.573409461698386,7.841586641680326,1.0,48646
U053,oref_v6,ukf,rts,0.0,0.0,0.0,0.0,0.00022612342227521277,48646
U053,oref_v6,ukf,update@outlier,27.068047678392716,23.10818509896042,58.90783939425297,88.5989818231749,1.0,6
U073,oref_v7,aaps_average,filter,0.0,0.0,0.0,0.0,0.0,28342
U073,oref_v7,aaps_exponential,filter,2.0,1.0,3.0,7.0,0.8079175781525652,28342
U073,oref_v7,ukf,predict,2.3994113285712046,1.038955167797667,4.753551199130925,11.19077322785124,1.0,28269
U073,oref_v7,ukf,update,1.5902326374884979,0.6893338758435164,3.150934176959197,7.415805798074893,1.0,28269
U073,oref_v7,ukf,rts,0.0,0.0,0.0,0.0,0.000778237645477378,28269
U073,oref_v7,ukf,update@outlier,18.76173753805925,16.38478874253139,23.49005306701521,103.23456090280136,1.0,16
U122,oref_v7,aaps_average,filter,0.0,0.0,0.0,0.0,0.0,30843
U122,oref_v7,aaps_exponential,filter,1.0,1.0,3.0,8.0,0.7687968096488669,30843
U122,oref_v7,ukf,predict,2.381012449193804,0.982607105326224,5.107316021950396,14.080260382465802,1.0,30720
U122,oref_v7,ukf,update,1.5888683265162626,0.6527838077732007,3.4210164097061266,9.757746448608087,1.0,30720
U122,oref_v7,ukf,rts,0.0,0.0,0.0,0.0,0.0001953125,30720
U122,oref_v7,ukf,update@outlier,21.732942475022156,17.10193032419471,38.89220252411977,71.55459906042826,1.0,73
U130,oref_v7,aaps_average,filter,0.0,0.0,0.0,0.0,0.0,65759
U130,oref_v7,aaps_exponential,filter,1.0,1.0,3.0,6.0,0.7993734697912073,65759
U130,oref_v7,ukf,predict,2.111835074727651,0.9248388233513651,4.146831651630691,9.574642312611962,1.0,65674
U130,oref_v7,ukf,update,1.4012393461670527,0.6126502348018228,2.747620801537394,6.344830908947224,1.0,65674
U130,oref_v7,ukf,rts,0.0,0.0,0.0,0.0,0.0003654414227852727,65674
U130,oref_v7,ukf,update@outlier,89.17468864295981,89.17468864295981,89.17468864295981,89.17468864295981,1.0,1
U132,oref_v7,aaps_average,filter,0.0,0.0,0.0,0.0,0.000538750099768537,50116
U132,oref_v7,aaps_exponential,filter,1.0,1.0,3.0,8.0,0.7553276398754889,50116
U132,oref_v7,ukf,predict,2.539815559234057,1.0226532204650312,5.4286044686707555,14.885324302491426,0.9997787432617266,49716
U132,oref_v7,ukf,update,1.6857885259664727,0.6808626806328064,3.6040469416182574,10.287094704848073,0.9990345160511707,49716
U132,oref_v7,ukf,rts,0.0,0.0,0.0,0.0,0.006416445409928393,49716
U132,oref_v7,ukf,update@outlier,31.817031363252397,22.46865689271864,68.09343695670412,123.15110060037689,1.0,145
U135,oref_v7,aaps_average,filter,0.0,0.0,0.0,0.0,0.0,22351
U135,oref_v7,aaps_exponential,filter,1.0,1.0,3.0,7.0,0.7666323654422621,22351
U135,oref_v7,ukf,predict,1.9916200120856047,0.797867825069261,4.369599481470345,11.372558512922625,0.9999551529285138,22298
U135,oref_v7,ukf,update,1.32173822041608,0.5299920155355551,2.9039276403033796,7.641224051129797,1.0,22298
U135,oref_v7,ukf,rts,0.0,0.0,0.0,0.0,0.0,22298
U135,oref_v7,ukf,update@outlier,25.284057312989773,17.253558381747382,56.32352238332679,82.23556965267605,1.0,37
U138,oref_v7,aaps_average,filter,0.0,0.0,0.0,0.0,0.0,446667
U138,oref_v7,aaps_exponential,filter,1.0,0.0,2.0,5.0,0.7263151296155749,446667
U138,oref_v7,ukf,predict,1.6186581584684063,0.7049223629530843,3.2603222741106492,8.08735235933791,0.99999326372516,445350
U138,oref_v7,ukf,update,1.073788706476094,0.46801242097322415,2.1639057950482794,5.386402022937888,0.99999326372516,445350
U138,oref_v7,ukf,rts,0.0,0.0,0.0,0.0,0.00011002582238688672,445350
U138,oref_v7,ukf,update@outlier,27.485043279853834,20.10331473617771,69.11619997785026,104.3149411645771,1.0,80
U139,oref_v7,aaps_average,filter,0.0,0.0,0.0,0.0,0.0,22245
U139,oref_v7,aaps_exponential,filter,2.0,1.0,4.0,9.0,0.816543043380535,22245
U139,oref_v7,ukf,predict,3.024504567128588,1.282786318728597,6.341653711056097,16.033015927537463,0.9999547838668837,22116
U139,oref_v7,ukf,update,1.9903046726410167,0.8459363801002748,4.169288079204222,10.5604651157788,1.0,22116
U139,oref_v7,ukf,rts,0.0,0.0,0.0,0.0,0.009857117019352504,22116
U139,oref_v7,ukf,update@outlier,29.737715411687518,22.492476946154255,63.11831412575711,120.05221770211793,1.0,50
U141,oref_v7,aaps_average,filter,0.0,0.0,0.0,0.0,0.0,37314
U141,oref_v7,aaps_exponential,filter,1.0,1.0,3.0,7.0,0.7845848743099105,37314
U141,oref_v7,ukf,predict,2.1079799287608694,0.9224814518502171,4.3387903028815344,10.86725262638338,0.9999731132202296,37193
U141,oref_v7,ukf,update,1.400141613092842,0.6114762929269375,2.879616458649366,7.259716279634739,1.0,37193
U141,oref_v7,ukf,rts,0.0,0.0,0.0,0.0,5.37735595407738e-05,37193
U141,oref_v7,ukf,update@outlier,61.78949023428976,26.51527910856953,83.16235139871392,134.1331098793574,1.0,27
U142,oref_v7,aaps_average,filter,0.0,0.0,0.0,0.0,0.0,42625
U142,oref_v7,aaps_exponential,filter,1.0,0.0,2.0,4.0,0.6840351906158357,42625
U142,oref_v7,ukf,predict,1.3430309495615802,0.5988673860484823,2.6174097300803965,6.404486939653996,0.9999764561849602,42474
U142,oref_v7,ukf,update,0.8910635211504996,0.39704973551129186,1.7372296041589088,4.263126803995494,0.9999058247398408,42474
U142,oref_v7,ukf,rts,0.0,0.0,0.0,0.0,0.0,42474
U142,oref_v7,ukf,update@outlier,24.175035577883605,16.108386608399595,41.43943745721228,61.55768757082141,1.0,12
U143,oref_v7,aaps_average,filter,0.0,0.0,0.0,0.0,0.0,43296
U143,oref_v7,aaps_exponential,filter,1.0,1.0,3.0,6.0,0.7838137472283814,43296
U143,oref_v7,ukf,predict,2.0659205301371912,0.9204392722394914,4.033869573187985,9.127807868764101,1.0,43257
U143,oref_v7,ukf,update,1.3695473969504093,0.6113725481906584,2.6782925445751573,6.093116352458956,1.0,43257
U143,oref_v7,ukf,rts,0.0,0.0,0.0,0.0,4.6235291397924033e-05,43257
U143,oref_v7,ukf,update@outlier,19.264228208109927,16.43363033291226,25.728852783935793,91.6760424102155,1.0,17
U144,oref_v7,aaps_average,filter,0.0,0.0,0.0,0.0,0.0,73115
U144,oref_v7,aaps_exponential,filter,1.0,0.3999999999999915,2.0,5.0,0.8741708267797306,73115
U144,oref_v7,ukf,predict,1.4774796739990137,0.6139232560294872,3.06652974138467,7.713122922909167,1.0,72958
U144,oref_v7,ukf,update,0.9821017766618212,0.40812680611687213,2.040883773197219,5.177722260679108,0.9999862934839222,72958
U144,oref_v7,ukf,rts,0.0,0.0,0.0,0.0,0.000685325803887168,72958
U144,oref_v7,ukf,update@outlier,19.17438352575317,14.500662342726763,25.245579646630873,42.80983776043702,1.0,27
